{
  "frame_id": "camera_depth_optical_frame",
  "height": 480,
  "width": 640,
  "distortion_model": "plumb_bob",
  "D": [0.0, 0.0, 0.0, 0.0, 0.0],
  "K": [387.13165283203125, 0.0, 322.85589599609375, 0.0, 387.13165283203125, 249.64010620117188, 0.0, 0.0, 1.0],
  "R": [1.0, 0.0, 0.0, 0.0, 1.0, 0.0, 0.0, 0.0, 1.0],
  "P": [387.13165283203125, 0.0, 322.85589599609375, 0.0, 0.0, 387.13165283203125, 249.64010620117188, 0.0, 0.0, 0.0, 1.0, 0.0],
  "binning_x": 0,
  "binning_y": 0,
  "roi": {
    "x_offset": 0,
    "y_offset": 0,
    "height": 0,
    "width": 0,
    "do_rectify": false
  }
}
