{
  "frame_id": "camera_color_optical_frame",
  "height": 480,
  "width": 640,
  "distortion_model": "plumb_bob",
  "D": [0.0, 0.0, 0.0, 0.0, 0.0],
  "K": [615.5650024414062, 0.0, 326.9040222167969, 0.0, 616.080322265625, 243.22952270507812, 0.0, 0.0, 1.0],
  "R": [1.0, 0.0, 0.0, 0.0, 1.0, 0.0, 0.0, 0.0, 1.0],
  "P": [615.5650024414062, 0.0, 326.9040222167969, 0.0, 0.0, 616.080322265625, 243.22952270507812, 0.0, 0.0, 0.0, 1.0, 0.0],
  "binning_x": 0,
  "binning_y": 0,
  "roi": {
    "x_offset": 0,
    "y_offset": 0,
    "height": 0,
    "width": 0,
    "do_rectify": false
  }
}
